n,m,train_size,beta,delta,model,parameter_count,gate_passed_count,revenue_mean,revenue_std,regret_mean_bidder_mean,regret_mean_bidder_std,regret_mean_total_mean,regret_mean_total_std,regret_p95_bidder_mean,regret_p95_bidder_std,regret_max_mean,regret_max_std,permutation_allocation_mean,permutation_allocation_std,permutation_payment_mean,permutation_payment_std,optimal_welfare_mean,optimal_welfare_std
2,3,1000,0.5,0.0,deepset,11308,5,1.8167341947555542,0.01183939323329123,0.0029984273947775363,0.00024250093929295704,0.0059968546964228155,0.0004850019180321644,0.008479046076536179,0.0010192293673148083,0.06532329320907593,0.021236630390972733,6.247766961564594e-08,2.546798746303445e-09,6.289283831506509e-08,4.21212960330651e-09,2.592492628097534,0.010987212497122442
2,3,1000,0.5,0.0,mlp,11280,5,1.81754789352417,0.01875206363270425,0.0019965317100286485,0.0001300246324191491,0.00399306328035891,0.00026004933385756246,0.005043426342308521,0.0004460111910339969,0.019993031024932863,0.0022966952966247266,0.049640896171331404,0.026434690745224677,0.052370206266641614,0.026386629650755913,2.592492628097534,0.010987212497122442
2,3,1000,0.5,0.0,mlp_aug,11280,5,1.8227449893951415,0.015020842339090202,0.002141318074427545,0.00022579208663063932,0.004282636241987348,0.0004515842895956362,0.005361400544643402,0.0007380288560580256,0.021913039684295654,0.004554820203218535,0.04521452989429235,0.035466750361755284,0.049761278368532655,0.03486862601788286,2.592492628097534,0.010987212497122442
2,3,5000,0.5,0.0,deepset,11308,5,1.8289788484573364,0.011156961663767088,0.0031073254533112047,0.0002577874900552002,0.006214650627225637,0.0005155751637730767,0.009520347602665425,0.0011893413328768862,0.055681037902832034,0.020160709701857533,6.411740400835697e-08,2.9644887776449592e-09,6.606689879617989e-08,3.4025548499829517e-09,2.592492628097534,0.010987212497122442
2,3,5000,0.5,0.0,mlp,11280,5,1.8194249391555786,0.015820068258877246,0.0021402985090389847,0.0001824272434354295,0.004280597064644098,0.00036485447778032844,0.0058513634838163854,0.0009072467344384606,0.02537083625793457,0.00889233384634342,0.03974773269146681,0.02208535641036485,0.043776029348373414,0.02171045549605975,2.592492628097534,0.010987212497122442
2,3,5000,0.5,0.0,mlp_aug,11280,5,1.818824791908264,0.019004602875161244,0.0021050525829195976,0.00035835271522988306,0.00421010535210371,0.0007167058207889121,0.0064008691348135475,0.001732660711141678,0.024821436405181883,0.007614694483922942,0.05038509070873261,0.03213471681262131,0.054242751374840734,0.030348272322340993,2.592492628097534,0.010987212497122442
2,3,20000,0.0,0.0,deepset,11308,5,1.1688665390014648,0.017804570637359643,0.002998632099479437,0.0003603060581184022,0.005997264385223388,0.0007206121187204522,0.008614205289632082,0.0019656312233552464,0.05316193103790283,0.01569066184787917,6.477120990666663e-08,3.3917609304270767e-09,6.624770918506328e-08,3.8331819044666855e-09,1.998186707496643,0.012745642418296246
2,3,20000,0.0,0.0,mlp,11280,5,1.1885522127151489,0.010736938082245066,0.003251082729548216,0.00015767301142176693,0.006502165459096432,0.0003153459035844097,0.008981315605342387,0.0008883025613807491,0.05637803077697754,0.016232704250744877,0.05226445607841015,0.023574696339683933,0.04853465184569359,0.020743258853154388,1.998186707496643,0.012745642418296246
2,3,20000,0.0,0.0,mlp_aug,11280,5,1.190220022201538,0.007987536743580395,0.0038303756155073643,0.0008206389140174004,0.007660751417279244,0.001641278096183688,0.012152730673551559,0.0027492034998563234,0.05904516577720642,0.028810083502401974,0.04932817332446575,0.02916691102249717,0.05568623766303062,0.017094336188879435,1.998186707496643,0.012745642418296246
2,3,20000,0.25,0.0,deepset,11308,5,1.5046075344085694,0.008633720401314557,0.003240371961146593,0.0004505967751964416,0.006480744015425444,0.0009011939221156494,0.010625131614506244,0.0025841959202646675,0.05991290807723999,0.023054137782057095,6.292347478620287e-08,1.5095590097201564e-09,6.426908498724515e-08,2.920694339797018e-09,2.246549606323242,0.01167016405814903
2,3,20000,0.25,0.0,mlp,11280,5,1.504337525367737,0.013520390954966788,0.002246995363384485,6.397971333439559e-05,0.004493990633636713,0.00012795937113621356,0.006282839272171259,0.00014434039867800092,0.03095858097076416,0.008569506172289042,0.03950870931148529,0.04051479178284188,0.03756899479776621,0.02860918163028481,2.246549606323242,0.01167016405814903
2,3,20000,0.25,0.0,mlp_aug,11280,5,1.4993513584136964,0.009414299457541507,0.002258263761177659,0.0001969290135273508,0.004516527755185962,0.00039385805941438554,0.006119114905595779,0.0007888080140553385,0.030432164669036865,0.010296292088244922,0.040946599841117856,0.02245311462968974,0.03448653295636177,0.01577709829022661,2.246549606323242,0.01167016405814903
2,3,20000,0.5,0.0,deepset,11308,5,1.8213450908660889,0.008915925631739279,0.0031767421402037143,0.000583311795406474,0.006353484466671944,0.0011666240956682763,0.009770306665450335,0.0031318226611418793,0.06112923622131348,0.027346020429561357,6.325208516955172e-08,1.6908362813029074e-09,6.37238869671819e-08,2.5710970990604054e-09,2.592492628097534,0.010987212497122442
2,3,20000,0.5,0.0,deepset_sum,11308,5,1.8256457805633546,0.013066139694052169,0.0027366799768060446,0.0003305138428025526,0.005473359860479832,0.0006610274836843544,0.007960911002010107,0.0017062175822206427,0.04963853359222412,0.021716856017153736,6.433960919594028e-08,2.8075057057880162e-09,6.526361744363385e-08,3.19473819832252e-09,2.592492628097534,0.010987212497122442
2,3,20000,0.5,0.0,local,11324,5,1.3310109615325927,0.043045391989683005,0.004616520740091801,0.0003823105599037776,0.00923304185271263,0.0007646210168415313,0.01931794248521328,0.0016173192796529391,0.12103512287139892,0.01979089309745816,6.787281989772964e-08,5.4037204531282e-09,6.974916004764964e-08,5.839219369190148e-09,2.592492628097534,0.010987212497122442
2,3,20000,0.5,0.0,mlp,11280,5,1.8188748359680176,0.01780260945366316,0.002070600725710392,0.00023092116936807515,0.0041412018239498135,0.00046184255392507905,0.0054306513629853725,0.0010975342570992076,0.021292614936828613,0.003436292860246431,0.044899994321167466,0.048931367380707996,0.04542135521769523,0.04118045423313922,2.592492628097534,0.010987212497122442
2,3,20000,0.5,0.0,mlp_aug,11280,5,1.8159544229507447,0.015094073259264294,0.001918345270678401,0.00022488386302243685,0.0038366907276213167,0.000449767966672274,0.004932896699756384,0.000704291048321881,0.019659972190856932,0.005040859033717267,0.03670164402574301,0.019618214947107953,0.03914029821753502,0.021769967032654478,2.592492628097534,0.010987212497122442
2,3,20000,0.5,0.5,deepset,11308,5,2.0472826957702637,0.012286299476049325,0.0036308771464973687,0.0002361430963274158,0.007261754013597965,0.0004722858023935388,0.009339563548564911,0.0010153963859143153,0.07285287380218505,0.024735741472463338,6.541000630022609e-08,1.6660758432232153e-09,6.623030230912264e-08,2.1833609581443075e-09,3.1604146480560305,0.01723677180568438
2,3,20000,0.5,0.5,mlp,11280,5,2.152645778656006,0.013839751223631321,0.0025138290133327247,0.0004492842553835281,0.005027658212929964,0.0008985683682365079,0.006657175812870264,0.0020355458860439745,0.06059713363647461,0.019688462199606557,0.417995810508728,0.028822762102114364,0.4655807077884674,0.01933135110244647,3.1604146480560305,0.01723677180568438
2,3,20000,0.5,0.5,mlp_aug,11280,5,2.057347869873047,0.018451682304130176,0.0026871760841459037,0.0003206248500070872,0.0053743522614240645,0.0006412496097404519,0.0070439006201922895,0.0013146112023556152,0.07046051025390625,0.026517693706193154,0.05006649810820818,0.031259555923282646,0.05205617025494576,0.0257782193644556,3.1604146480560305,0.01723677180568438
2,3,20000,0.5,1.0,deepset,11308,5,2.2690866947174073,0.005194165201975923,0.003884381055831909,0.0004246263653566203,0.00776876239106059,0.0008492527443960895,0.009625324979424477,0.001198134507124229,0.10131354331970215,0.03379936201320631,7.001036408382789e-08,2.8776817071815445e-09,7.020232004606441e-08,2.8708924303341103e-09,3.843062925338745,0.02255037338714703
2,3,20000,0.5,1.0,mlp,11280,5,2.5343974590301515,0.023580338509113563,0.0030590188689529896,0.0005620437841490692,0.006118038017302751,0.0011240878888449154,0.0076109573245048525,0.0017781380413520104,0.0993990421295166,0.050656699190868716,0.5322970747947693,0.017603664221086036,0.6953007936477661,0.008366757010820082,3.843062925338745,0.02255037338714703
2,3,20000,0.5,1.0,mlp_aug,11280,5,2.1967520713806152,0.018352391242426436,0.0035754937212914228,0.0004498918175024513,0.007150987628847361,0.0008997835451289763,0.01011290643364191,0.0013465757265836088,0.08227548599243165,0.034707356113898045,0.04579356387257576,0.023094660343519317,0.04545382894575596,0.01901132919004392,3.843062925338745,0.02255037338714703
2,3,20000,0.5,2.0,deepset,11308,5,2.986951208114624,0.028771732655693542,0.0036595588084310294,0.0008621047699057333,0.007319118082523346,0.0017242104403542757,0.011476847343146801,0.0029067943875735252,0.054031085968017575,0.0061695483864338,8.151443182669027e-08,2.8191910512587302e-09,8.114476628406919e-08,2.9092045968933194e-09,5.292655277252197,0.033073067311859695
2,3,20000,0.5,2.0,mlp,11280,5,3.246611738204956,0.028913354405102395,0.0042842500377446415,0.0008620662268513101,0.00856850016862154,0.0017241322608208692,0.013035722449421883,0.005284747830450168,0.07705707550048828,0.02361048991593362,0.5242381930351258,0.01956050309253805,0.8385732054710389,0.011393562031317975,5.292655277252197,0.033073067311859695
2,3,20000,0.5,2.0,mlp_aug,11280,5,2.7979742527008056,0.051710859948776805,0.0029388521797955036,0.00048203775784223053,0.00587770426645875,0.0009640752575326844,0.010512989759445191,0.0011476411731079796,0.0625265121459961,0.021744025945777137,0.04713394828140736,0.018302186713077345,0.03804883472621441,0.01570665652558614,5.292655277252197,0.033073067311859695
2,3,20000,1.0,0.0,deepset,11308,5,2.4455587387084963,0.011547089019820437,0.003167965216562152,0.0002790816547543635,0.006335930526256561,0.0005581637761332803,0.009305315185338258,0.0013146190827891082,0.06212913990020752,0.014589609330685904,6.351161232487357e-08,2.9813709938491097e-09,6.52152237989867e-08,3.776566417651669e-09,3.4033884525299074,0.014291780036796584
2,3,20000,1.0,0.0,mlp,11280,5,2.45980281829834,0.021830720979861325,0.0021531051490455864,9.744031586541287e-05,0.004306210298091173,0.0001948804386264816,0.004918594844639301,0.0003648895382982906,0.027279210090637208,0.00651353464396542,0.050927314162254336,0.03795454909113365,0.05221470445394516,0.03589184310686599,3.4033884525299074,0.014291780036796584
2,3,20000,1.0,0.0,mlp_aug,11280,5,2.4570302963256836,0.02290179988040442,0.0020234341965988277,0.00011387166193751216,0.004046868300065398,0.0002277432159881503,0.004719898197799921,0.0004713398948144733,0.021326994895935057,0.004020612902069323,0.03632303699851036,0.011280359606119674,0.036788897961378096,0.011451961613112096,3.4033884525299074,0.014291780036796584
2,3,50000,0.5,0.0,deepset,11308,5,1.827091145515442,0.017275898391652136,0.0033635766711086037,0.00039350114312082805,0.006727153342217207,0.0007870016930489387,0.010036060214042663,0.0019063760782398053,0.0691577672958374,0.027981469639692592,6.45187768100186e-08,1.9502821835750707e-09,6.560854615145217e-08,1.9951192610032535e-09,2.592492628097534,0.010987212497122442
2,3,50000,0.5,0.0,mlp,11280,5,1.8176160335540772,0.014536189690909664,0.0019975250121206044,0.00016448761411883464,0.003995049931108952,0.0003289753083840301,0.00538701368495822,0.001133680862113402,0.020795130729675294,0.003809270713513103,0.03754307758063078,0.022055207320073586,0.04164872448891401,0.02617369817092648,2.592492628097534,0.010987212497122442
2,3,50000,0.5,0.0,mlp_aug,11280,5,1.822749638557434,0.013143515245494501,0.0020783436484634876,6.662542052547887e-05,0.00415668711066246,0.00013325079305449657,0.005621804483234882,0.00037352408011702637,0.023228979110717772,0.004245940055930985,0.04911230988800526,0.013095334985667754,0.04571233093738556,0.012920745803327702,2.592492628097534,0.010987212497122442
2,4,20000,0.5,0.0,deepset,14380,5,2.882868766784668,0.026643024967702968,0.0045772182755172254,0.001153119445183575,0.009154436551034451,0.0023062391125971,0.012598177604377269,0.0038759315927992203,0.10775985717773437,0.050156825371359424,1.0674328478899043e-07,4.344544725910159e-09,1.0846554516774632e-07,3.461046605325318e-09,3.9003618240356444,0.009493790439465544
2,4,20000,0.5,0.0,mlp,14368,5,2.7504653930664062,0.028365187160767188,0.005570431612432003,0.0012543942635562402,0.011140863224864007,0.0025087886227666183,0.017257383093237877,0.005507653756269855,0.10706608295440674,0.06229688190025675,0.11959897428750992,0.06464839385502924,0.10638989880681038,0.05238898816507691,3.9003618240356444,0.009493790439465544
2,4,20000,0.5,0.0,mlp_aug,14368,5,2.764257001876831,0.01867264543773741,0.005741609819233417,0.0004990748519134938,0.011483219265937806,0.0009981491600050327,0.018915863148868083,0.0050360097197144765,0.08546962738037109,0.022783105996338315,0.1546682372689247,0.09035773823524432,0.14121633768081665,0.08275537871598207,3.9003618240356444,0.009493790439465544
3,3,20000,0.5,0.0,deepset,12622,5,2.07489218711853,0.01782520032096837,0.0037754897493869066,0.00020027471688078993,0.011326468735933303,0.0006008239530321346,0.014680239558219909,0.001514368756892986,0.1082219123840332,0.04569711534614775,1.1921597149466833e-07,2.9014463463024785e-09,1.243831576402954e-07,2.241571992774775e-09,2.7721390247344972,0.005777372002154097
3,3,20000,0.5,0.0,mlp,12696,5,2.012477993965149,0.023603485548691825,0.0035601170733571053,0.0001706610937064391,0.0106803510338068,0.0005119831214016261,0.013968372158706189,0.0006714110966891096,0.11246161460876465,0.030690344696918358,0.1486886888742447,0.035322197403097166,0.1439429849386215,0.040281310070940504,2.7721390247344972,0.005777372002154097
3,3,20000,0.5,0.0,mlp_aug,12696,5,2.0172891139984133,0.016423551667961386,0.003719164663925767,0.00023370102836712154,0.011157493852078915,0.0007011030088954934,0.014428268186748028,0.0009980473121833585,0.13586677312850953,0.030381707735150712,0.14583860039711,0.05134481363587499,0.13665502667427062,0.05271509475906395,2.7721390247344972,0.005777372002154097
3,4,20000,0.5,0.0,deepset,17416,5,3.2015297412872314,0.01518450281669523,0.004100359417498112,0.00013155232767673902,0.01230107806622982,0.0003946571700827679,0.01546269077807665,0.0005500365014178367,0.21236114501953124,0.08107968271143169,1.5090668057382572e-07,6.39943952591964e-09,1.551361663132411e-07,6.188839678303876e-09,4.10261640548706,0.010361236373537712
3,4,20000,0.5,0.0,mlp,17328,5,3.0170576572418213,0.15181787555021883,0.0046237694099545475,0.0012375546221913565,0.013871307950466871,0.0037126632187422706,0.016212744265794755,0.00473446829344535,0.14603962898254394,0.0739569910307101,0.26369214355945586,0.3132176948380648,0.2600527361035347,0.3187061784492381,4.10261640548706,0.010361236373537712
3,4,20000,0.5,0.0,mlp_aug,17328,5,3.0206673622131346,0.13645777278238816,0.0052080730907619,0.00038352161055922606,0.015624219737946986,0.0011505645939224995,0.017351704463362694,0.0021205092962404376,0.15942842960357667,0.03026155678389012,0.24274329841136932,0.3215115513344139,0.24145394563674927,0.3273800795893598,4.10261640548706,0.010361236373537712
