job,model,seed,n,m,train_size,beta,delta,parameter_count,gate_passed,revenue,regret_mean_bidder,regret_mean_total,regret_p95_bidder,regret_max,permutation_allocation,permutation_payment,optimal_welfare,revenue_gap,regret_gap,gradient_audit_increase,independent_audit_increase
n2_m3_N1000_b0p5_d0p0_deepset_s11,deepset,11,2,3,1000,0.5,0.0,11308,True,1.8212814331054688,0.0033378840889781713,0.006675768177956343,0.010133545845746994,0.054401934146881104,6.27951450837827e-08,6.325543466800809e-08,2.606616497039795,0.004752635955810547,-0.00015119416639208794,3.674067556858063e-07,0.0
n2_m3_N1000_b0p5_d0p0_deepset_s22,deepset,22,2,3,1000,0.5,0.0,11308,True,1.818509817123413,0.002798240864649415,0.005596481263637543,0.008437065407633781,0.06988763809204102,5.959033089197874e-08,5.818728254780581e-08,2.5998687744140625,-2.6702880859375e-05,-2.2114254534244537e-05,1.0700896382331848e-06,0.0
n2_m3_N1000_b0p5_d0p0_deepset_s33,deepset,33,2,3,1000,0.5,0.0,11308,True,1.7962087392807007,0.0029982661362737417,0.005996532738208771,0.007359790615737438,0.10048925876617432,6.025941701182091e-08,5.915028467029515e-08,2.580740451812744,0.0036039352416992188,2.571544609963894e-05,3.3690594136714935e-07,0.0
n2_m3_N1000_b0p5_d0p0_deepset_s44,deepset,44,2,3,1000,0.5,0.0,11308,True,1.8265469074249268,0.0027414620853960514,0.005482924170792103,0.008087854832410812,0.05339324474334717,6.562124355014021e-08,6.793558071649386e-08,2.5829625129699707,-0.009992599487304688,-0.00010308530181646347,3.2712705433368683e-07,0.0
n2_m3_N1000_b0p5_d0p0_deepset_s55,deepset,55,2,3,1000,0.5,0.0,11308,True,1.8211240768432617,0.0031162837985903025,0.006232567131519318,0.008376973681151867,0.048444390296936035,6.412221154050712e-08,6.593560897272255e-08,2.5922749042510986,-0.00241243839263916,3.328034654259682e-05,6.547197699546814e-07,0.0
n2_m3_N1000_b0p5_d0p0_mlp_aug_s11,mlp_aug,11,2,3,1000,0.5,0.0,11280,True,1.8325104713439941,0.0019434397108852863,0.0038868794217705727,0.004740917589515448,0.018919527530670166,0.08971436321735382,0.0922529399394989,2.606616497039795,0.00831592082977295,-4.517706111073494e-05,4.3422915041446686e-07,0.0
n2_m3_N1000_b0p5_d0p0_mlp_aug_s22,mlp_aug,22,2,3,1000,0.5,0.0,11280,True,1.844205617904663,0.0018594508292153478,0.0037189016584306955,0.004714428912848234,0.02393484115600586,0.015953155234456062,0.012348453514277935,2.5998687744140625,-0.0017693042755126953,-0.00011098117101937532,1.7986167222261429e-06,1.816079020500183e-08
n2_m3_N1000_b0p5_d0p0_mlp_aug_s33,mlp_aug,33,2,3,1000,0.5,0.0,11280,True,1.8150975704193115,0.0023009772412478924,0.004601954482495785,0.006488376297056675,0.025984883308410645,0.013187645934522152,0.023038791492581367,2.580740451812744,0.004648566246032715,-1.3045268133282661e-05,2.8940849006175995e-07,0.0
n2_m3_N1000_b0p5_d0p0_mlp_aug_s44,mlp_aug,44,2,3,1000,0.5,0.0,11280,True,1.808706283569336,0.0022357695270329714,0.004471539054065943,0.005213427357375622,0.015435934066772461,0.030932197347283363,0.04174552857875824,2.5829625129699707,-0.011320352554321289,-4.5021530240774155e-05,1.432374119758606e-06,0.0
n2_m3_N1000_b0p5_d0p0_mlp_aug_s55,mlp_aug,55,2,3,1000,0.5,0.0,11280,True,1.8132050037384033,0.0023669530637562275,0.004733906593173742,0.005649852566421032,0.02529001235961914,0.07628528773784637,0.07942067831754684,2.5922749042510986,-0.0008296966552734375,4.3227337300777435e-06,5.639158189296722e-07,0.0
n2_m3_N1000_b0p5_d0p0_mlp_s11,mlp,11,2,3,1000,0.5,0.0,11280,True,1.8238803148269653,0.002094594994559884,0.004189189989119768,0.005409192759543657,0.021087825298309326,0.035263050347566605,0.03129838779568672,2.606616497039795,0.005777716636657715,-4.2558182030916214e-05,2.6263296604156494e-07,0.0
n2_m3_N1000_b0p5_d0p0_mlp_s22,mlp,22,2,3,1000,0.5,0.0,11280,True,1.8469034433364868,0.0019335433607921004,0.003867086488753557,0.005249589681625366,0.01890087127685547,0.021508753299713135,0.020362891256809235,2.5998687744140625,-0.002072453498840332,-0.00013872853014618158,6.7336950451135635e-06,0.0
n2_m3_N1000_b0p5_d0p0_mlp_s33,mlp,33,2,3,1000,0.5,0.0,11280,True,1.8028966188430786,0.0021628928370773792,0.0043257856741547585,0.005419135093688965,0.02171790599822998,0.04664565622806549,0.06101169437170029,2.580740451812744,0.0043860673904418945,2.6047928258776665e-05,2.668239176273346e-07,0.0
n2_m3_N1000_b0p5_d0p0_mlp_s44,mlp,44,2,3,1000,0.5,0.0,11280,True,1.8128938674926758,0.001950938138179481,0.0039018758106976748,0.004448675084859133,0.016460895538330078,0.05299380421638489,0.06330852210521698,2.5829625129699707,-0.011314749717712402,-3.419129643589258e-05,3.952300176024437e-07,0.0
n2_m3_N1000_b0p5_d0p0_mlp_s55,mlp,55,2,3,1000,0.5,0.0,11280,True,1.801165223121643,0.0018406892195343971,0.0036813784390687943,0.004690539091825485,0.021797657012939453,0.09179321676492691,0.08586953580379486,2.5922749042510986,-0.0008673667907714844,-4.8002926632761955e-05,1.249613706022501e-05,6.272457540035248e-07
n2_m3_N20000_b0p0_d0p0_deepset_s11,deepset,11,2,3,20000,0.0,0.0,11308,True,1.15892493724823,0.0027872384525835514,0.005574476905167103,0.007859303615987301,0.04768556356430054,6.202937896659932e-08,6.370066785166273e-08,2.0010924339294434,0.001191854476928711,-9.488756768405437e-05,3.434019163250923e-06,5.171932571101934e-08
n2_m3_N20000_b0p0_d0p0_deepset_s22,deepset,22,2,3,20000,0.0,0.0,11308,True,1.1582313776016235,0.002832386177033186,0.005664772354066372,0.007249405607581139,0.040753185749053955,6.345157999021467e-08,6.341796421338586e-08,2.0013411045074463,-0.013231396675109863,0.0001945802941918373,5.211168900132179e-05,0.0
n2_m3_N20000_b0p0_d0p0_deepset_s33,deepset,33,2,3,20000,0.0,0.0,11308,True,1.1517398357391357,0.002608735579997301,0.0052174716256558895,0.006549340207129717,0.07989740371704102,6.303442035004991e-08,6.487835690904831e-08,1.97600257396698,0.0022323131561279297,-6.496114656329155e-05,2.2839289158582687e-05,0.0
n2_m3_N20000_b0p0_d0p0_deepset_s44,deepset,44,2,3,20000,0.0,0.0,11308,True,1.1826207637786865,0.003396215382963419,0.006792431231588125,0.010747131891548634,0.04389578104019165,7.057987261305243e-08,7.275509972259897e-08,2.004094123840332,-0.004562973976135254,-3.025215119123459e-05,9.792391210794449e-06,0.0
n2_m3_N20000_b0p0_d0p0_deepset_s55,deepset,55,2,3,20000,0.0,0.0,11308,True,1.1928157806396484,0.003368584904819727,0.006737169809639454,0.01066584512591362,0.053577721118927,6.47607976134168e-08,6.648645722862057e-08,2.0084033012390137,-0.009034395217895508,-0.00010004802606999874,1.85561366379261e-05,0.0
n2_m3_N20000_b0p0_d0p0_mlp_aug_s11,mlp_aug,11,2,3,20000,0.0,0.0,11280,True,1.198897123336792,0.0033767905551940203,0.006753580644726753,0.011150740087032318,0.0393221378326416,0.025080092251300812,0.04535355791449547,2.0010924339294434,0.006227970123291016,-5.1486073061823845e-05,5.9595098719000816e-05,0.0
n2_m3_N20000_b0p0_d0p0_mlp_aug_s22,mlp_aug,22,2,3,20000,0.0,0.0,11280,True,1.1821900606155396,0.0035394656006246805,0.007078931666910648,0.01249807421118021,0.047517210245132446,0.09197536110877991,0.08211001753807068,2.0013411045074463,-0.019323110580444336,5.032937042415142e-05,5.8563658967614174e-05,2.0855804905295372e-07
n2_m3_N20000_b0p0_d0p0_mlp_aug_s33,mlp_aug,33,2,3,20000,0.0,0.0,11280,True,1.1821620464324951,0.002862384542822838,0.005724769085645676,0.008106180466711521,0.03636687994003296,0.04545926675200462,0.03773930296301842,1.97600257396698,0.002270936965942383,2.851826138794422e-05,3.643380478024483e-05,0.0
n2_m3_N20000_b0p0_d0p0_mlp_aug_s44,mlp_aug,44,2,3,20000,0.0,0.0,11280,True,1.197319507598877,0.00469416007399559,0.009388321079313755,0.013589279726147652,0.10637772083282471,0.06298615783452988,0.061090223491191864,2.004094123840332,-0.005941271781921387,4.764879122376442e-05,6.161956116557121e-05,0.0
n2_m3_N20000_b0p0_d0p0_mlp_aug_s55,mlp_aug,55,2,3,20000,0.0,0.0,11280,True,1.1905313730239868,0.0046790773048996925,0.009358154609799385,0.015419378876686096,0.06564188003540039,0.02113998867571354,0.052138086408376694,2.0084033012390137,-0.00560605525970459,0.0001422092318534851,5.3835101425647736e-05,0.0
n2_m3_N20000_b0p0_d0p0_mlp_s11,mlp,11,2,3,20000,0.0,0.0,11280,True,1.2067112922668457,0.0032769818790256977,0.006553963758051395,0.009869723580777645,0.04695010185241699,0.046084098517894745,0.05709528923034668,2.0010924339294434,0.006377816200256348,-9.071175009012222e-05,0.00011131470091640949,5.1641791287693195e-08
n2_m3_N20000_b0p0_d0p0_mlp_s22,mlp,22,2,3,20000,0.0,0.0,11280,True,1.1791820526123047,0.0033422892447561026,0.006684578489512205,0.008198630064725876,0.053366899490356445,0.05210921913385391,0.042735982686281204,2.0013411045074463,-0.01932072639465332,4.6905362978577614e-05,6.991787813603878e-05,0.0
n2_m3_N20000_b0p0_d0p0_mlp_s33,mlp,33,2,3,20000,0.0,0.0,11280,True,1.1825066804885864,0.0030211054254323244,0.006042211316525936,0.008565145544707775,0.03637206554412842,0.021520497277379036,0.01770215481519699,1.97600257396698,0.002538919448852539,3.7578167393803596e-05,2.7913134545087814e-05,0.0
n2_m3_N20000_b0p0_d0p0_mlp_s44,mlp,44,2,3,20000,0.0,0.0,11280,True,1.18845796585083,0.00343240681104362,0.00686481362208724,0.010012060403823853,0.0764392614364624,0.08742059022188187,0.07418029755353928,2.004094123840332,-0.009265303611755371,9.097508154809475e-05,0.00012954208068549633,0.0
n2_m3_N20000_b0p0_d0p0_mlp_s55,mlp,55,2,3,20000,0.0,0.0,11280,True,1.1859030723571777,0.0031826302874833345,0.006365260109305382,0.008261018432676792,0.06876182556152344,0.054187875241041183,0.05095953494310379,2.0084033012390137,-0.006474614143371582,0.00019911234267055988,6.222166121006012e-05,0.0
n2_m3_N20000_b0p25_d0p0_deepset_s11,deepset,11,2,3,20000,0.25,0.0,11308,True,1.5022695064544678,0.003408686723560095,0.006817373912781477,0.012463084422051907,0.0388638973236084,6.197232238491779e-08,6.450060396900881e-08,2.2560904026031494,0.0026695728302001953,-5.7584373280406e-05,6.094807758927345e-06,0.0
n2_m3_N20000_b0p25_d0p0_deepset_s22,deepset,22,2,3,20000,0.25,0.0,11308,True,1.4910690784454346,0.0025285969022661448,0.005057193338871002,0.006441246718168259,0.07515686750411987,6.236453486963e-08,6.221653592319853e-08,2.2530677318573,-0.004646778106689453,4.5400345697999e-05,1.0949792340397835e-05,0.0
n2_m3_N20000_b0p25_d0p0_deepset_s33,deepset,33,2,3,20000,0.25,0.0,11308,True,1.5060014724731445,0.003766205394640565,0.007532411254942417,0.013037418946623802,0.08678066730499268,6.442805045026034e-08,6.752520675945561e-08,2.2270259857177734,0.002523660659790039,-9.677442722022533e-05,5.839159712195396e-06,0.0
n2_m3_N20000_b0p25_d0p0_deepset_s44,deepset,44,2,3,20000,0.25,0.0,11308,True,1.5107101202011108,0.0032656181138008833,0.006531236693263054,0.010528790764510632,0.06530070304870605,6.460465584723352e-08,6.657008100319217e-08,2.244811773300171,-0.006419539451599121,-0.0002083154395222664,3.0177179723978043e-06,0.0
n2_m3_N20000_b0p25_d0p0_deepset_s55,deepset,55,2,3,20000,0.25,0.0,11308,True,1.512987494468689,0.0032327526714652777,0.006465504877269268,0.010655117221176624,0.03346240520477295,6.124781037897264e-08,6.053299728137063e-08,2.2517521381378174,-0.00703585147857666,-0.00010301242582499981,9.151641279459e-06,5.297579264151864e-09
n2_m3_N20000_b0p25_d0p0_mlp_aug_s11,mlp_aug,11,2,3,20000,0.25,0.0,11280,True,1.5120545625686646,0.0019098860211670399,0.0038197722751647234,0.004794406704604626,0.018935084342956543,0.03145414590835571,0.042585741728544235,2.2560904026031494,0.00732576847076416,-7.260916754603386e-05,2.7939677238464355e-07,0.0
n2_m3_N20000_b0p25_d0p0_mlp_aug_s22,mlp_aug,22,2,3,20000,0.25,0.0,11280,True,1.5012900829315186,0.002303526969626546,0.004607053939253092,0.0068201241083443165,0.02274644374847412,0.0799168050289154,0.058388080447912216,2.2530677318573,-0.00991678237915039,-8.501950651407242e-05,9.83942300081253e-07,0.0
n2_m3_N20000_b0p25_d0p0_mlp_aug_s33,mlp_aug,33,2,3,20000,0.25,0.0,11280,True,1.4856107234954834,0.002372166607528925,0.004744333680719137,0.006112944800406694,0.030137240886688232,0.022999446839094162,0.026391567662358284,2.2270259857177734,0.0032335519790649414,-1.9207363948225975e-05,1.352047547698021e-06,0.0
n2_m3_N20000_b0p25_d0p0_mlp_aug_s44,mlp_aug,44,2,3,20000,0.25,0.0,11280,True,1.4991964101791382,0.002332449657842517,0.004664899315685034,0.006582711823284626,0.04480910301208496,0.03208225220441818,0.02447197213768959,2.244811773300171,-0.00897204875946045,3.7640100345015526e-05,8.362228982150555e-05,1.3723038136959076e-06
n2_m3_N20000_b0p25_d0p0_mlp_aug_s55,mlp_aug,55,2,3,20000,0.25,0.0,11280,True,1.4986050128936768,0.0023732895497232676,0.004746579565107822,0.0062853870913386345,0.03553295135498047,0.03828034922480583,0.020595302805304527,2.2517521381378174,-0.004120349884033203,-9.879004210233688e-06,1.735566183924675e-05,0.0
n2_m3_N20000_b0p25_d0p0_mlp_s11,mlp,11,2,3,20000,0.25,0.0,11280,True,1.5123974084854126,0.002276686020195484,0.004553371574729681,0.006536262109875679,0.021047115325927734,0.023711396381258965,0.03834984079003334,2.2560904026031494,0.006653189659118652,-0.00010908744297921658,1.9241124391555786e-06,0.0
n2_m3_N20000_b0p25_d0p0_mlp_s22,mlp,22,2,3,20000,0.25,0.0,11280,True,1.51230788230896,0.0022547279950231314,0.004509455524384975,0.006222319323569536,0.0283052921295166,0.023439010605216026,0.024671310558915138,2.2530677318573,-0.010046124458312988,-3.7694815546274185e-05,1.7576850950717926e-05,0.0
n2_m3_N20000_b0p25_d0p0_mlp_s33,mlp,33,2,3,20000,0.25,0.0,11280,True,1.4805166721343994,0.0021399727556854486,0.004279945511370897,0.006242590490728617,0.025633692741394043,0.026457529515028,0.026704665273427963,2.2270259857177734,0.0032188892364501953,3.1172530725598335e-05,3.885943442583084e-07,0.0
n2_m3_N20000_b0p25_d0p0_mlp_s44,mlp,44,2,3,20000,0.25,0.0,11280,True,1.5066618919372559,0.0023096913937479258,0.0046193827874958515,0.006239521317183971,0.039685964584350586,0.012577280402183533,0.012148330919444561,2.244811773300171,-0.010161638259887695,-9.330222383141518e-06,2.9384158551692963e-05,0.0
n2_m3_N20000_b0p25_d0p0_mlp_s55,mlp,55,2,3,20000,0.25,0.0,11280,True,1.5098037719726562,0.0022538986522704363,0.00450779777020216,0.006173503119498491,0.040120840072631836,0.11135832965373993,0.08597082644701004,2.2517521381378174,-0.004205226898193359,-2.069328911602497e-05,1.9172905012965202e-05,0.0
n2_m3_N20000_b0p5_d0p0_deepset_s11,deepset,11,2,3,20000,0.5,0.0,11308,True,1.8307305574417114,0.004091713111847639,0.008183427155017853,0.014830374158918858,0.04935002326965332,6.187111267763612e-08,6.207286418202784e-08,2.606616497039795,0.004951000213623047,-6.808014586567879e-05,6.561167538166046e-07,0.0
n2_m3_N20000_b0p5_d0p0_deepset_s22,deepset,22,2,3,20000,0.5,0.0,11308,True,1.8163787126541138,0.0025078130420297384,0.0050156256183981895,0.0067437938414514065,0.0692216157913208,6.46045421603958e-08,6.49214939585363e-08,2.5998687744140625,0.000920414924621582,-0.00015429616905748844,3.888271749019623e-07,0.0
n2_m3_N20000_b0p5_d0p0_deepset_s33,deepset,33,2,3,20000,0.5,0.0,11308,True,1.8084765672683716,0.003038340248167515,0.006076680030673742,0.008090710267424583,0.10542571544647217,6.502887828219173e-08,6.713989364470763e-08,2.580740451812744,0.003235936164855957,-6.433879025280476e-05,6.547197699546814e-07,0.0
n2_m3_N20000_b0p5_d0p0_deepset_s44,deepset,44,2,3,20000,0.5,0.0,11308,True,1.826971173286438,0.0032832722645252943,0.006566544994711876,0.010483693331480026,0.04048299789428711,6.360559723361803e-08,6.400674124051875e-08,2.5829625129699707,-0.008821368217468262,-0.0002557926345616579,2.898741513490677e-07,0.0
n2_m3_N20000_b0p5_d0p0_deepset_s55,deepset,55,2,3,20000,0.5,0.0,11308,True,1.8241684436798096,0.0029625720344483852,0.005925144534558058,0.008702961727976799,0.041165828704833984,6.115029549391693e-08,6.047844181011897e-08,2.5922749042510986,-0.002620697021484375,-3.0082883313298225e-05,6.69620931148529e-07,0.0
n2_m3_N20000_b0p5_d0p0_deepset_sum_s11,deepset_sum,11,2,3,20000,0.5,0.0,11308,True,1.8259401321411133,0.0025762098375707865,0.005152419675141573,0.007516950368881226,0.04369819164276123,6.52802256695395e-08,6.804828700524013e-08,2.606616497039795,0.006501197814941406,-9.620934724807739e-05,3.543682396411896e-07,0.0
n2_m3_N20000_b0p5_d0p0_deepset_sum_s22,deepset_sum,22,2,3,20000,0.5,0.0,11308,True,1.832281231880188,0.0024262971710413694,0.004852594342082739,0.006516128778457642,0.050507307052612305,6.234908767055458e-08,6.353226211786023e-08,2.5998687744140625,-0.0008684396743774414,-0.00019426061771810055,3.3015385270118713e-07,0.0
n2_m3_N20000_b0p5_d0p0_deepset_sum_s33,deepset_sum,33,2,3,20000,0.5,0.0,11308,True,1.8075876235961914,0.0027010864578187466,0.005402172449976206,0.00747667346149683,0.08598744869232178,6.054429491086921e-08,6.060852086875457e-08,2.580740451812744,0.002981901168823242,-5.586049519479275e-05,3.511086106300354e-07,0.0
n2_m3_N20000_b0p5_d0p0_deepset_sum_s44,deepset_sum,44,2,3,20000,0.5,0.0,11308,True,1.8424073457717896,0.003294335911050439,0.0065886713564395905,0.010923663154244423,0.02952408790588379,6.62431176579048e-08,6.6085455330267e-08,2.5829625129699707,-0.009711623191833496,-0.000255706487223506,2.8708018362522125e-07,0.0
n2_m3_N20000_b0p5_d0p0_deepset_sum_s55,deepset_sum,55,2,3,20000,0.5,0.0,11308,True,1.8200125694274902,0.0026854705065488815,0.00537094147875905,0.007371139246970415,0.038475632667541504,6.728132007083332e-08,6.804356189604732e-08,2.5922749042510986,-0.002098679542541504,-1.1893454939126968e-05,3.543682396411896e-07,0.0
n2_m3_N20000_b0p5_d0p0_local_s11,local,11,2,3,20000,0.5,0.0,11324,True,1.3533849716186523,0.004695110954344273,0.009390221908688545,0.019383467733860016,0.10374939441680908,6.304391320099967e-08,6.416905051764843e-08,2.606616497039795,-0.010337591171264648,-0.00043012620881199837,7.059425115585327e-07,0.0
n2_m3_N20000_b0p5_d0p0_local_s22,local,22,2,3,20000,0.5,0.0,11324,True,1.3388185501098633,0.0042806281708180904,0.008561256341636181,0.0190475694835186,0.09811854362487793,6.346111547372857e-08,6.426476772958267e-08,2.5998687744140625,0.0064961910247802734,0.0004335208795964718,3.836583346128464e-06,0.0
n2_m3_N20000_b0p5_d0p0_local_s33,local,33,2,3,20000,0.5,0.0,11324,True,1.349043369293213,0.005042894743382931,0.010085789486765862,0.021358704194426537,0.12465190887451172,6.921928275005484e-08,7.197983364903848e-08,2.580740451812744,0.003625035285949707,-0.0001336047425866127,1.0146759450435638e-06,0.0
n2_m3_N20000_b0p5_d0p0_local_s44,local,44,2,3,20000,0.5,0.0,11324,True,1.2551226615905762,0.00416486244648695,0.008329725824296474,0.016894081607460976,0.13383150100708008,7.635021148644228e-08,7.811421198766766e-08,2.5829625129699707,0.010035395622253418,-0.00010515190660953522,1.261010766029358e-06,0.0
n2_m3_N20000_b0p5_d0p0_local_s55,local,55,2,3,20000,0.5,0.0,11324,True,1.3586852550506592,0.00489910738542676,0.009798215702176094,0.01990588940680027,0.14482426643371582,6.728957657742285e-08,7.021793635431095e-08,2.5922749042510986,-0.006227731704711914,4.8007816076278687e-05,1.6493722796440125e-06,0.0
n2_m3_N20000_b0p5_d0p0_mlp_aug_s11,mlp_aug,11,2,3,20000,0.5,0.0,11280,True,1.8189457654953003,0.00156349444296211,0.0031269886530935764,0.0036842026747763157,0.015038490295410156,0.04205671325325966,0.055750519037246704,2.606616497039795,0.008788466453552246,-6.678421050310135e-05,8.746283128857613e-07,0.0
n2_m3_N20000_b0p5_d0p0_mlp_aug_s22,mlp_aug,22,2,3,20000,0.5,0.0,11280,True,1.8389968872070312,0.0020025745034217834,0.004005149006843567,0.0053767734207212925,0.024372577667236328,0.024692656472325325,0.021921593695878983,2.5998687744140625,-0.0019031763076782227,-7.932819426059723e-05,3.4228432923555374e-06,0.0
n2_m3_N20000_b0p5_d0p0_mlp_aug_s33,mlp_aug,33,2,3,20000,0.5,0.0,11280,True,1.8171250820159912,0.0021750477608293295,0.004350095987319946,0.005274384748190641,0.024195313453674316,0.008922235108911991,0.00965091958642006,2.580740451812744,0.004643440246582031,6.388174369931221e-06,3.0384398996829987e-07,0.0
n2_m3_N20000_b0p5_d0p0_mlp_aug_s44,mlp_aug,44,2,3,20000,0.5,0.0,11280,True,1.8024191856384277,0.0018847814062610269,0.0037695630453526974,0.005120464134961367,0.013685941696166992,0.054938677698373795,0.05356531962752342,2.5829625129699707,-0.010239243507385254,-2.7351779863238335e-05,4.264293238520622e-07,0.0
n2_m3_N20000_b0p5_d0p0_mlp_aug_s55,mlp_aug,55,2,3,20000,0.5,0.0,11280,True,1.8022851943969727,0.001965828239917755,0.0039316569454967976,0.005208658520132303,0.021007537841796875,0.05289793759584427,0.054813139140605927,2.5922749042510986,-0.0010213851928710938,-1.4076242223381996e-05,5.506444722414017e-07,0.0
n2_m3_N20000_b0p5_d0p0_mlp_s11,mlp,11,2,3,20000,0.5,0.0,11280,True,1.8165040016174316,0.0023997207172214985,0.004799441900104284,0.00726163899526,0.02144169807434082,0.028945952653884888,0.031582821160554886,2.606616497039795,0.007840275764465332,-5.9441663324832916e-05,2.7706846594810486e-07,0.0
n2_m3_N20000_b0p5_d0p0_mlp_s22,mlp,22,2,3,20000,0.5,0.0,11280,True,1.8478035926818848,0.0021779295057058334,0.0043558599427342415,0.005590712185949087,0.021072864532470703,0.00836839061230421,0.019932208582758904,2.5998687744140625,-0.0013267993927001953,-0.00012549618259072304,7.522758096456528e-07,0.0
n2_m3_N20000_b0p5_d0p0_mlp_s33,mlp,33,2,3,20000,0.5,0.0,11280,True,1.7990713119506836,0.001953671220690012,0.003907342907041311,0.004749899730086327,0.022827982902526855,0.028993641957640648,0.02851657010614872,2.580740451812744,0.004694342613220215,-5.313660949468613e-06,3.644963726401329e-07,0.0
n2_m3_N20000_b0p5_d0p0_mlp_s44,mlp,44,2,3,20000,0.5,0.0,11280,True,1.8177611827850342,0.0017909659072756767,0.0035819318145513535,0.004532265476882458,0.0158841609954834,0.027152366936206818,0.028397247195243835,2.5829625129699707,-0.010593295097351074,-2.4022301658988e-05,1.6104895621538162e-06,0.0
n2_m3_N20000_b0p5_d0p0_mlp_s55,mlp,55,2,3,20000,0.5,0.0,11280,True,1.8132340908050537,0.0020307162776589394,0.004061432555317879,0.005018740426748991,0.02523636817932129,0.13103961944580078,0.11867792904376984,2.5922749042510986,-0.0010044574737548828,-4.1858525946736336e-05,4.248227924108505e-06,0.0
n2_m3_N20000_b0p5_d0p5_deepset_s11,deepset,11,2,3,20000,0.5,0.5,11308,True,2.050121784210205,0.0036123371683061123,0.007224673870950937,0.009048227220773697,0.04907548427581787,6.368183846916509e-08,6.275398334310012e-08,3.1703884601593018,0.003118753433227539,-0.00010186457075178623,3.604218363761902e-07,0.0
n2_m3_N20000_b0p5_d0p5_deepset_s22,deepset,22,2,3,20000,0.5,0.5,11308,True,2.0592591762542725,0.0034796041436493397,0.006959207821637392,0.008141481317579746,0.0778118371963501,6.580673073131038e-08,6.699003307630846e-08,3.1766862869262695,0.0016674995422363281,-0.0002011018805205822,5.62518835067749e-07,0.0
n2_m3_N20000_b0p5_d0p5_deepset_s33,deepset,33,2,3,20000,0.5,0.5,11308,True,2.0404422283172607,0.0040431213565170765,0.008086241781711578,0.0107354037463665,0.10735476016998291,6.738499536140807e-08,6.866395807492154e-08,3.1533358097076416,0.004676103591918945,3.235228359699249e-05,1.5995465219020844e-06,0.0
n2_m3_N20000_b0p5_d0p5_deepset_s44,deepset,44,2,3,20000,0.5,0.5,11308,True,2.056964874267578,0.0034939253237098455,0.006987851113080978,0.009956919588148594,0.04851710796356201,6.647596961784075e-08,6.684270914547596e-08,3.133650064468384,-0.006674528121948242,-0.0001663663424551487,3.317836672067642e-07,0.0
n2_m3_N20000_b0p5_d0p5_deepset_s55,deepset,55,2,3,20000,0.5,0.5,11308,True,2.029625415802002,0.00352539774030447,0.00705079548060894,0.008815785869956017,0.0815051794052124,6.370049732140615e-08,6.590082790580709e-08,3.1680126190185547,-0.008731365203857422,0.00012619956396520138,5.254754796624184e-06,0.0
n2_m3_N20000_b0p5_d0p5_mlp_aug_s11,mlp_aug,11,2,3,20000,0.5,0.5,11280,True,2.0436172485351562,0.00220777140930295,0.004415543284267187,0.005074625834822655,0.04546666145324707,0.019533107057213783,0.034205079078674316,3.1703884601593018,0.009125232696533203,-9.835581295192242e-05,3.6437995731830597e-07,0.0
n2_m3_N20000_b0p5_d0p5_mlp_aug_s22,mlp_aug,22,2,3,20000,0.5,0.5,11280,True,2.0890841484069824,0.0030427491292357445,0.006085498258471489,0.008548257872462273,0.09258699417114258,0.08214464783668518,0.07642766833305359,3.1766862869262695,-0.0037958621978759766,-4.4208019971847534e-05,4.1886232793331146e-07,0.0
n2_m3_N20000_b0p5_d0p5_mlp_aug_s33,mlp_aug,33,2,3,20000,0.5,0.5,11280,True,2.053828239440918,0.0026040892116725445,0.005208178423345089,0.00665248604491353,0.04900765419006348,0.014676525257527828,0.016230713576078415,3.1533358097076416,0.0060994625091552734,2.006138674914837e-05,2.898741513490677e-07,0.0
n2_m3_N20000_b0p5_d0p5_mlp_aug_s44,mlp_aug,44,2,3,20000,0.5,0.5,11280,True,2.045163869857788,0.0026752466801553965,0.005350492894649506,0.007117229513823986,0.060912132263183594,0.07480397075414658,0.07074470072984695,3.133650064468384,-0.005548715591430664,-0.00011067837476730347,1.6076955944299698e-06,0.0
n2_m3_N20000_b0p5_d0p5_mlp_aug_s55,mlp_aug,55,2,3,20000,0.5,0.5,11280,True,2.0550458431243896,0.0029060239903628826,0.0058120484463870525,0.007826903834939003,0.10432910919189453,0.05917423963546753,0.0626726895570755,3.1680126190185547,-0.006302833557128906,-0.00011047534644603729,3.0687078833580017e-07,0.0
n2_m3_N20000_b0p5_d0p5_mlp_s11,mlp,11,2,3,20000,0.5,0.5,11280,True,2.152150869369507,0.0021270590368658304,0.004254118073731661,0.00489004235714674,0.050763845443725586,0.3883535861968994,0.4378034174442291,3.1703884601593018,-0.0007252693176269531,-0.00010823318734765053,3.3760443329811096e-07,0.0
n2_m3_N20000_b0p5_d0p5_mlp_s22,mlp,22,2,3,20000,0.5,0.5,11280,True,2.164771318435669,0.002259401371702552,0.004518803209066391,0.005934290122240782,0.08589386940002441,0.45121991634368896,0.4922446608543396,3.1766862869262695,0.0009391307830810547,-9.304308332502842e-05,4.220753908157349e-06,0.0
n2_m3_N20000_b0p5_d0p5_mlp_s33,mlp,33,2,3,20000,0.5,0.5,11280,True,2.163411855697632,0.002799411304295063,0.005598822608590126,0.007478127721697092,0.039165496826171875,0.3959726393222809,0.4635585844516754,3.1533358097076416,0.002794981002807617,-8.543534204363823e-05,2.9243528842926025e-07,0.0
n2_m3_N20000_b0p5_d0p5_mlp_s44,mlp,44,2,3,20000,0.5,0.5,11280,True,2.1526761054992676,0.003165088128298521,0.006330176256597042,0.0098221180960536,0.05060434341430664,0.4087037146091461,0.46842432022094727,3.133650064468384,-0.03055548667907715,-0.00011970894411206245,1.1215917766094208e-05,0.0
n2_m3_N20000_b0p5_d0p5_mlp_s55,mlp,55,2,3,20000,0.5,0.5,11280,True,2.130218744277954,0.0022181852255016565,0.0044363709166646,0.005161300767213106,0.07655811309814453,0.44572919607162476,0.46587255597114563,3.1680126190185547,-0.011412382125854492,-6.903009489178658e-05,3.908760845661163e-06,0.0
n2_m3_N20000_b0p5_d1p0_deepset_s11,deepset,11,2,3,20000,0.5,1.0,11308,True,2.268388509750366,0.0039903041906654835,0.007980609312653542,0.010268104262650013,0.06263983249664307,6.758500603609718e-08,6.628173565559337e-08,3.850076913833618,-0.013429641723632812,-4.552677273750305e-05,7.2503462433815e-07,0.0
n2_m3_N20000_b0p5_d1p0_deepset_s22,deepset,22,2,3,20000,0.5,1.0,11308,True,2.2708868980407715,0.003437989391386509,0.006875978782773018,0.007960296235978603,0.11090230941772461,7.175828642402848e-08,7.263335533025383e-08,3.8605024814605713,0.008227825164794922,0.00010487018153071404,3.5134144127368927e-07,0.0
n2_m3_N20000_b0p5_d1p0_deepset_s33,deepset,33,2,3,20000,0.5,1.0,11308,True,2.260718822479248,0.004558854270726442,0.009117708541452885,0.011119376868009567,0.1528012752532959,7.214703146019019e-08,7.144948455106714e-08,3.839860200881958,-0.009501218795776367,0.0001369132660329342,2.2197607904672623e-05,0.0
n2_m3_N20000_b0p5_d1p0_deepset_s44,deepset,44,2,3,20000,0.5,1.0,11308,True,2.2707483768463135,0.0037224427796900272,0.007444886025041342,0.009715866297483444,0.0837852954864502,7.232677745605542e-08,7.257099809976353e-08,3.805561065673828,-0.022723913192749023,6.195018067955971e-05,4.12575900554657e-07,0.0
n2_m3_N20000_b0p5_d1p0_deepset_s55,deepset,55,2,3,20000,0.5,1.0,11308,True,2.274690866470337,0.003712314646691084,0.007424629293382168,0.009062981233000755,0.09643900394439697,6.623471904276812e-08,6.80760265936442e-08,3.85931396484375,-0.015609979629516602,-0.00012359721586108208,2.3941975086927414e-06,0.0
n2_m3_N20000_b0p5_d1p0_mlp_aug_s11,mlp_aug,11,2,3,20000,0.5,1.0,11280,True,2.1855225563049316,0.0034458008594810963,0.0068916017189621925,0.009453248232603073,0.07306385040283203,0.012373175472021103,0.01980341039597988,3.850076913833618,0.004528522491455078,-0.00030071521177887917,3.3620744943618774e-07,0.0
n2_m3_N20000_b0p5_d1p0_mlp_aug_s22,mlp_aug,22,2,3,20000,0.5,1.0,11280,True,2.224215030670166,0.0032905563712120056,0.006581112742424011,0.00903355423361063,0.08236837387084961,0.07414833456277847,0.06987598538398743,3.8605024814605713,-0.003236055374145508,-0.00014022761024534702,7.99098052084446e-06,0.0
n2_m3_N20000_b0p5_d1p0_mlp_aug_s33,mlp_aug,33,2,3,20000,0.5,1.0,11280,True,2.1978161334991455,0.0032138132955878973,0.006427627056837082,0.009557807818055153,0.07224082946777344,0.041339289397001266,0.03979172185063362,3.839860200881958,0.0055084228515625,6.014248356223106e-06,3.129243850708008e-07,0.0
n2_m3_N20000_b0p5_d1p0_mlp_aug_s44,mlp_aug,44,2,3,20000,0.5,1.0,11280,True,2.175529718399048,0.003589844796806574,0.007179690059274435,0.010095205157995224,0.04468536376953125,0.04196912795305252,0.04066679626703262,3.805561065673828,-0.0038399696350097656,-8.678599260747433e-05,0.00016975845210254192,6.654299795627594e-06
n2_m3_N20000_b0p5_d1p0_mlp_aug_s55,mlp_aug,55,2,3,20000,0.5,1.0,11280,True,2.200676918029785,0.004337453283369541,0.008674906566739082,0.012424716725945473,0.13901901245117188,0.059137891978025436,0.05713123083114624,3.85931396484375,-0.006948232650756836,1.603551208972931e-05,4.2584724724292755e-06,0.0
n2_m3_N20000_b0p5_d1p0_mlp_s11,mlp,11,2,3,20000,0.5,1.0,11280,True,2.538609027862549,0.002543072449043393,0.005086144432425499,0.006026798393577337,0.06872153282165527,0.5209856033325195,0.6851447224617004,3.850076913833618,-0.003513336181640625,-0.00013121822848916054,9.527429938316345e-07,0.0
n2_m3_N20000_b0p5_d1p0_mlp_s22,mlp,22,2,3,20000,0.5,1.0,11280,True,2.555116653442383,0.0027346801944077015,0.005469361320137978,0.006040322594344616,0.1234445571899414,0.5364338755607605,0.7077513933181763,3.8605024814605713,0.0007138252258300781,4.05716709792614e-05,4.4889748096466064e-07,0.0
n2_m3_N20000_b0p5_d1p0_mlp_s33,mlp,33,2,3,20000,0.5,1.0,11280,True,2.546241283416748,0.003364307340234518,0.006728614680469036,0.009362194687128067,0.06441903114318848,0.5092616677284241,0.6916952133178711,3.839860200881958,0.0020627975463867188,-0.00012022443115711212,3.3248215913772583e-07,0.0
n2_m3_N20000_b0p5_d1p0_mlp_s44,mlp,44,2,3,20000,0.5,1.0,11280,True,2.494093894958496,0.0027538633439689875,0.005507726687937975,0.006967590656131506,0.06251740455627441,0.5400693416595459,0.6939578652381897,3.805561065673828,-0.04430389404296875,4.075816832482815e-05,5.55417500436306e-06,0.0
n2_m3_N20000_b0p5_d1p0_mlp_s55,mlp,55,2,3,20000,0.5,1.0,11280,True,2.537926435470581,0.0038991710171103477,0.00779834296554327,0.009657880291342735,0.17789268493652344,0.5547348856925964,0.6979547739028931,3.85931396484375,-0.019820451736450195,-8.828938007354736e-06,1.4403369277715683e-05,1.1455267667770386e-07
n2_m3_N20000_b0p5_d2p0_deepset_s11,deepset,11,2,3,20000,0.5,2.0,11308,True,2.9826505184173584,0.003644484793767333,0.007288969587534666,0.011542795225977898,0.048614501953125,8.06118052310012e-08,7.994940176558885e-08,5.30057954788208,-0.027369260787963867,-4.394771531224251e-05,8.224975317716599e-06,0.0
n2_m3_N20000_b0p5_d2p0_deepset_s22,deepset,22,2,3,20000,0.5,2.0,11308,True,3.018678903579712,0.0035863504745066166,0.007172701880335808,0.012022006325423717,0.04654741287231445,8.233568138393821e-08,8.173661569799151e-08,5.315855026245117,0.011017560958862305,0.0001780421007424593,4.961621016263962e-06,1.078355182926316e-10
n2_m3_N20000_b0p5_d2p0_deepset_s33,deepset,33,2,3,20000,0.5,2.0,11308,True,2.98946213722229,0.005084220319986343,0.010168442502617836,0.015978574752807617,0.06106376647949219,8.100694515178475e-08,8.085526559398204e-08,5.288614273071289,-0.042832136154174805,7.675215601921082e-05,3.891531378030777e-06,0.0
n2_m3_N20000_b0p5_d2p0_deepset_s44,deepset,44,2,3,20000,0.5,2.0,11308,True,2.9417195320129395,0.002841875422745943,0.0056837499141693115,0.009203432127833366,0.056621551513671875,8.567352693944486e-08,8.556570207929326e-08,5.237936019897461,-0.07197117805480957,0.0001775666605681181,1.605367287993431e-06,0.0
n2_m3_N20000_b0p5_d2p0_deepset_s55,deepset,55,2,3,20000,0.5,2.0,11308,True,3.0022449493408203,0.0031408630311489105,0.006281726527959108,0.008637428283691406,0.057308197021484375,7.794420042728234e-08,7.76168462834903e-08,5.320291519165039,-0.03339099884033203,-0.00013218680396676064,2.7776695787906647e-06,7.414037384023686e-09
n2_m3_N20000_b0p5_d2p0_mlp_aug_s11,mlp_aug,11,2,3,20000,0.5,2.0,11280,True,2.741217613220215,0.0023261732421815395,0.004652346484363079,0.009886202402412891,0.04728984832763672,0.03934774547815323,0.04050413891673088,5.30057954788208,-0.016172409057617188,8.612195961177349e-05,5.608494393527508e-05,3.5120174288749695e-06
n2_m3_N20000_b0p5_d2p0_mlp_aug_s22,mlp_aug,22,2,3,20000,0.5,2.0,11280,True,2.856441020965576,0.002878451021388173,0.005756901577115059,0.009960857219994068,0.06642484664916992,0.06680124253034592,0.06003636121749878,5.315855026245117,-0.006098508834838867,-1.5291385352611542e-05,4.700850695371628e-07,5.586997531281668e-07
n2_m3_N20000_b0p5_d2p0_mlp_aug_s33,mlp_aug,33,2,3,20000,0.5,2.0,11280,True,2.8229098320007324,0.0032806412782520056,0.0065612830221652985,0.010891423560678959,0.06463623046875,0.06157025694847107,0.03916209563612938,5.288614273071289,-0.00909280776977539,4.6961940824985504e-05,8.553266525268555e-06,0.0
n2_m3_N20000_b0p5_d2p0_mlp_aug_s44,mlp_aug,44,2,3,20000,0.5,2.0,11280,True,2.7454111576080322,0.0026693418622016907,0.005338684190064669,0.009480227716267109,0.038884639739990234,0.04697030410170555,0.03447731211781502,5.237936019897461,-0.07318425178527832,0.0002391680609434843,1.717405393719673e-05,1.3783574104309082e-07
n2_m3_N20000_b0p5_d2p0_mlp_aug_s55,mlp_aug,55,2,3,20000,0.5,2.0,11280,True,2.8238916397094727,0.003539653494954109,0.007079306058585644,0.012346237897872925,0.0953969955444336,0.020980192348361015,0.016064265742897987,5.320291519165039,-0.017601728439331055,3.8269441574811935e-05,1.307344064116478e-05,2.8062555657015764e-07
n2_m3_N20000_b0p5_d2p0_mlp_s11,mlp,11,2,3,20000,0.5,2.0,11280,True,3.261657953262329,0.0032205854076892138,0.006441171281039715,0.008758693933486938,0.06319236755371094,0.5007749795913696,0.8446179628372192,5.30057954788208,-0.010154962539672852,-7.410719990730286e-05,6.593763828277588e-07,0.0
n2_m3_N20000_b0p5_d2p0_mlp_s22,mlp,22,2,3,20000,0.5,2.0,11280,True,3.220780372619629,0.0053893146105110645,0.010778629221022129,0.021951453760266304,0.11370658874511719,0.538446843624115,0.8392484188079834,5.315855026245117,-0.002468109130859375,0.00031105708330869675,0.0017880829982459545,4.428066313266754e-05
n2_m3_N20000_b0p5_d2p0_mlp_s33,mlp,33,2,3,20000,0.5,2.0,11280,True,3.2729499340057373,0.0036364728584885597,0.0072729457169771194,0.009785091504454613,0.05083799362182617,0.5054637789726257,0.8529808521270752,5.288614273071289,-0.005289316177368164,-0.00020022760145366192,1.0351650416851044e-06,0.0
n2_m3_N20000_b0p5_d2p0_mlp_s44,mlp,44,2,3,20000,0.5,2.0,11280,True,3.210237741470337,0.004496277775615454,0.008992556482553482,0.011246006935834885,0.07804393768310547,0.5422995686531067,0.8330833315849304,5.237936019897461,-0.07090544700622559,0.00021842774003744125,1.338450238108635e-05,1.7449259757995605e-05
n2_m3_N20000_b0p5_d2p0_mlp_s55,mlp,55,2,3,20000,0.5,2.0,11280,True,3.267432689666748,0.004678599536418915,0.009357198141515255,0.013437366113066673,0.07950448989868164,0.5342057943344116,0.8229354619979858,5.320291519165039,-0.032285213470458984,7.992144674062729e-05,0.00028533395379781723,5.969684571027756e-05
n2_m3_N20000_b1p0_d0p0_deepset_s11,deepset,11,2,3,20000,1.0,0.0,11308,True,2.4443955421447754,0.003625832498073578,0.00725166592746973,0.010537443682551384,0.06165289878845215,6.600201629680669e-08,6.809349883951654e-08,3.4218385219573975,0.010651111602783203,-0.00021013501100242138,4.0116719901561737e-07,0.0
n2_m3_N20000_b1p0_d0p0_deepset_s22,deepset,22,2,3,20000,1.0,0.0,11308,True,2.4621315002441406,0.0032089706510305405,0.006417941302061081,0.01007289718836546,0.0635913610458374,6.217740633474023e-08,6.226596127589801e-08,3.407426357269287,0.014344453811645508,-0.00044486531987786293,3.25031578540802e-07,0.0
n2_m3_N20000_b1p0_d0p0_deepset_s33,deepset,33,2,3,20000,1.0,0.0,11308,True,2.430553436279297,0.002942487830296159,0.005884976126253605,0.007601379882544279,0.08433234691619873,5.971742922383783e-08,6.146223796577033e-08,3.398592472076416,0.006811618804931641,-3.6122044548392296e-05,3.655441105365753e-07,0.0
n2_m3_N20000_b1p0_d0p0_deepset_s44,deepset,44,2,3,20000,1.0,0.0,11308,True,2.4413509368896484,0.003108758945018053,0.006217517890036106,0.010121386498212814,0.04393112659454346,6.70325093210522e-08,7.018260816948896e-08,3.382693290710449,-0.009983062744140625,-0.0002472770866006613,3.2335519790649414e-06,0.0
n2_m3_N20000_b1p0_d0p0_deepset_s55,deepset,55,2,3,20000,1.0,0.0,11308,True,2.449362277984619,0.0029537761583924294,0.005907551385462284,0.008193468675017357,0.05713796615600586,6.26287004479309e-08,6.407181274425966e-08,3.4063916206359863,0.005665779113769531,2.698926255106926e-05,4.617031663656235e-07,0.0
n2_m3_N20000_b1p0_d0p0_mlp_aug_s11,mlp_aug,11,2,3,20000,1.0,0.0,11280,True,2.465097427368164,0.0019043884240090847,0.0038087766151875257,0.004445315338671207,0.01919686794281006,0.02272607758641243,0.02781841903924942,3.4218385219573975,0.012846708297729492,-5.8448873460292816e-05,4.0570739656686783e-07,0.0
n2_m3_N20000_b1p0_d0p0_mlp_aug_s22,mlp_aug,22,2,3,20000,1.0,0.0,11280,True,2.488478183746338,0.002092148642987013,0.004184297285974026,0.005101310089230537,0.0249176025390625,0.03343915194272995,0.03180632367730141,3.407426357269287,0.015476465225219727,-0.0002196545246988535,3.2689422369003296e-07,0.0
n2_m3_N20000_b1p0_d0p0_mlp_aug_s33,mlp_aug,33,2,3,20000,1.0,0.0,11280,True,2.461921215057373,0.002123967045918107,0.004247933626174927,0.005191122647374868,0.025249958038330078,0.048249706625938416,0.04760592058300972,3.398592472076416,0.007470607757568359,-3.9294129237532616e-05,3.945315256714821e-07,0.0
n2_m3_N20000_b1p0_d0p0_mlp_aug_s44,mlp_aug,44,2,3,20000,1.0,0.0,11280,True,2.4307007789611816,0.0018943947507068515,0.0037887897342443466,0.004057609476149082,0.015689849853515625,0.02956750988960266,0.026163291186094284,3.382693290710449,-0.010289192199707031,-0.00011208851356059313,3.1851232051849365e-07,0.0
n2_m3_N20000_b1p0_d0p0_mlp_aug_s55,mlp_aug,55,2,3,20000,1.0,0.0,11280,True,2.4389538764953613,0.002102272119373083,0.004204544238746166,0.00480413343757391,0.02158069610595703,0.04763273894786835,0.05055053532123566,3.4063916206359863,0.00634312629699707,1.0309508070349693e-05,1.2652017176151276e-06,0.0
n2_m3_N20000_b1p0_d0p0_mlp_s11,mlp,11,2,3,20000,1.0,0.0,11280,True,2.4687910079956055,0.002106198575347662,0.004212397616356611,0.005033933091908693,0.020370006561279297,0.05524221807718277,0.056390441954135895,3.4218385219573975,0.012682914733886719,-4.106503911316395e-05,3.3318065106868744e-07,5.820766091346741e-11
n2_m3_N20000_b1p0_d0p0_mlp_s22,mlp,22,2,3,20000,1.0,0.0,11280,True,2.4921793937683105,0.0022678282111883163,0.004535655956715345,0.0054435268975794315,0.03347945213317871,0.05410486087203026,0.05010249465703964,3.407426357269287,0.01592850685119629,-0.0002512133214622736,4.1909515857696533e-07,0.0
n2_m3_N20000_b1p0_d0p0_mlp_s33,mlp,33,2,3,20000,1.0,0.0,11280,True,2.4572579860687256,0.0022489489056169987,0.004497897811233997,0.004843208007514477,0.0336918830871582,0.016261132434010506,0.02885517105460167,3.398592472076416,0.0071375370025634766,3.386009484529495e-05,5.352776497602463e-07,0.0
n2_m3_N20000_b1p0_d0p0_mlp_s44,mlp,44,2,3,20000,1.0,0.0,11280,True,2.443335771560669,0.0020668881479650736,0.004133776295930147,0.004438048228621483,0.028042316436767578,0.018893318250775337,0.0161798857152462,3.382693290710449,-0.010323047637939453,-0.0001287155319005251,3.050081431865692e-07,0.0
n2_m3_N20000_b1p0_d0p0_mlp_s55,mlp,55,2,3,20000,1.0,0.0,11280,True,2.4374499320983887,0.0020756619051098824,0.004151323810219765,0.004834257997572422,0.020812392234802246,0.1101350411772728,0.10954552888870239,3.4063916206359863,0.006398200988769531,2.0839041098952293e-05,3.3690594136714935e-07,0.0
n2_m3_N50000_b0p5_d0p0_deepset_s11,deepset,11,2,3,50000,0.5,0.0,11308,True,1.8340948820114136,0.0039593311958014965,0.007918661460280418,0.012910150922834873,0.06454026699066162,6.199024227271366e-08,6.592048862330557e-08,2.606616497039795,0.00497281551361084,-0.00016121705994009972,2.264510840177536e-06,0.0
n2_m3_N50000_b0p5_d0p0_deepset_s22,deepset,22,2,3,50000,0.5,0.0,11308,True,1.8398535251617432,0.0035137867089360952,0.0070275734178721905,0.009826313704252243,0.07837176322937012,6.451359979564586e-08,6.344761516174913e-08,2.5998687744140625,0.0013135671615600586,-0.00018135970458388329,3.373716026544571e-07,0.0
n2_m3_N50000_b0p5_d0p0_deepset_s33,deepset,33,2,3,50000,0.5,0.0,11308,True,1.797500729560852,0.003071310929954052,0.006142623256891966,0.007680951617658138,0.11245417594909668,6.334904156801713e-08,6.371532634830146e-08,2.580740451812744,0.0034700632095336914,-4.209578037261963e-06,6.263144314289093e-07,7.431094672938343e-08
n2_m3_N50000_b0p5_d0p0_deepset_s44,deepset,44,2,3,50000,0.5,0.0,11308,True,1.8373905420303345,0.002973103430122137,0.005946206860244274,0.009316491894423962,0.043764352798461914,6.582513378816657e-08,6.694639154147808e-08,2.5829625129699707,-0.009496927261352539,-0.00021004979498684406,2.959277480840683e-07,0.0
n2_m3_N50000_b0p5_d0p0_deepset_s55,deepset,55,2,3,50000,0.5,0.0,11308,True,1.8266160488128662,0.0033003510907292366,0.006600701715797186,0.010446392931044102,0.04665827751159668,6.691586662554982e-08,6.801290908242663e-08,2.5922749042510986,-0.002736687660217285,-5.397433415055275e-05,1.255655661225319e-06,1.946552856679773e-07
n2_m3_N50000_b0p5_d0p0_mlp_aug_s11,mlp_aug,11,2,3,50000,0.5,0.0,11280,True,1.8271067142486572,0.002166925696656108,0.0043338509276509285,0.006136941723525524,0.01728951930999756,0.056151751428842545,0.05939675122499466,2.606616497039795,0.008196234703063965,-5.8526406064629555e-05,4.009343683719635e-07,0.0
n2_m3_N50000_b0p5_d0p0_mlp_aug_s22,mlp_aug,22,2,3,50000,0.5,0.0,11280,True,1.8435072898864746,0.0020172304939478636,0.00403446052223444,0.0051412638276815414,0.02243661880493164,0.029650041833519936,0.0275973379611969,2.5998687744140625,-0.0018619298934936523,-0.00010711583308875561,1.0612420737743378e-06,0.0
n2_m3_N50000_b0p5_d0p0_mlp_aug_s33,mlp_aug,33,2,3,50000,0.5,0.0,11280,True,1.8109689950942993,0.00210394524037838,0.00420789048075676,0.0057412260212004185,0.028841137886047363,0.06257318705320358,0.05654723197221756,2.580740451812744,0.004873752593994141,3.587082028388977e-05,6.230548024177551e-07,0.0
n2_m3_N50000_b0p5_d0p0_mlp_aug_s44,mlp_aug,44,2,3,50000,0.5,0.0,11280,True,1.8186769485473633,0.0020971433259546757,0.004194286651909351,0.005411242134869099,0.022359848022460938,0.042433593422174454,0.039820969104766846,2.5829625129699707,-0.010102033615112305,-4.948163405060768e-05,2.9245857149362564e-06,6.984919309616089e-09
n2_m3_N50000_b0p5_d0p0_mlp_aug_s55,mlp_aug,55,2,3,50000,0.5,0.0,11280,True,1.813488245010376,0.002006473485380411,0.004012946970760822,0.005678348708897829,0.025217771530151367,0.05475297570228577,0.04519936442375183,2.5922749042510986,-0.0011000633239746094,4.7611771151423454e-05,9.259674698114395e-07,0.0
n2_m3_N50000_b0p5_d0p0_mlp_s11,mlp,11,2,3,50000,0.5,0.0,11280,True,1.8278111219406128,0.0021992360707372427,0.004398472607135773,0.007233410608023405,0.01994013786315918,0.0687686949968338,0.07031344622373581,2.606616497039795,0.008743643760681152,-5.83697110414505e-05,3.420282155275345e-07,0.0
n2_m3_N50000_b0p5_d0p0_mlp_s22,mlp,22,2,3,50000,0.5,0.0,11280,True,1.837449550628662,0.001955414190888405,0.003910827916115522,0.005128627177327871,0.01813030242919922,0.010625169612467289,0.011196465231478214,2.5998687744140625,-0.0017241239547729492,-0.00010910909622907639,8.371425792574883e-06,0.0
n2_m3_N50000_b0p5_d0p0_mlp_s33,mlp,33,2,3,50000,0.5,0.0,11280,True,1.8069874048233032,0.001909925602376461,0.003819851204752922,0.004963564686477184,0.021908164024353027,0.025783607736229897,0.028511224314570427,2.580740451812744,0.004597306251525879,2.3085041902959347e-05,3.270106390118599e-07,0.0
n2_m3_N50000_b0p5_d0p0_mlp_s44,mlp,44,2,3,50000,0.5,0.0,11280,True,1.8127506971359253,0.002128105377778411,0.0042562102898955345,0.00544017506763339,0.017198801040649414,0.03494178503751755,0.03030604124069214,2.5829625129699707,-0.00977933406829834,-3.48526518791914e-05,8.014030754566193e-07,0.0
n2_m3_N50000_b0p5_d0p0_mlp_s55,mlp,55,2,3,50000,0.5,0.0,11280,True,1.8030813932418823,0.001794943818822503,0.003589887637645006,0.0041692908853292465,0.026798248291015625,0.04759613052010536,0.06791644543409348,2.5922749042510986,-0.000830531120300293,-2.5287503376603127e-05,9.371200576424599e-06,0.0
n2_m3_N5000_b0p5_d0p0_deepset_s11,deepset,11,2,3,5000,0.5,0.0,11308,True,1.8311623334884644,0.00322456331923604,0.0064491271041333675,0.010476791299879551,0.04158055782318115,6.852325640238632e-08,7.148689462610491e-08,2.606616497039795,0.005493283271789551,-8.686725050210953e-05,6.770715117454529e-07,0.0
n2_m3_N5000_b0p5_d0p0_deepset_s22,deepset,22,2,3,5000,0.5,0.0,11308,True,1.8379709720611572,0.003020941512659192,0.006041883025318384,0.009080713614821434,0.06763577461242676,6.257386786501229e-08,6.331325863584425e-08,2.5998687744140625,0.00040531158447265625,-0.00018988572992384434,2.922024577856064e-07,0.0
n2_m3_N5000_b0p5_d0p0_deepset_s33,deepset,33,2,3,5000,0.5,0.0,11308,True,1.8103152513504028,0.0029457039199769497,0.005891407374292612,0.008000879548490047,0.08563065528869629,6.288579612601097e-08,6.472203750718108e-08,2.580740451812744,0.0035303831100463867,3.270362503826618e-05,1.3504177331924438e-06,0.0
n2_m3_N5000_b0p5_d0p0_deepset_s44,deepset,44,2,3,5000,0.5,0.0,11308,True,1.8284848928451538,0.002848719246685505,0.005697437562048435,0.009089307859539986,0.0423130989074707,6.559467635725014e-08,6.72321860406555e-08,2.5829625129699707,-0.009585857391357422,-0.0002068269532173872,2.9383227229118347e-07,0.0
n2_m3_N5000_b0p5_d0p0_deepset_s55,deepset,55,2,3,5000,0.5,0.0,11308,True,1.836960792541504,0.0034966992679983377,0.006993398070335388,0.010954045690596104,0.041245102882385254,6.100942329112513e-08,6.358011717111367e-08,2.5922749042510986,-0.0025496482849121094,-7.160939276218414e-06,4.01865690946579e-07,0.0
n2_m3_N5000_b0p5_d0p0_mlp_aug_s11,mlp_aug,11,2,3,5000,0.5,0.0,11280,True,1.8158987760543823,0.0020364043302834034,0.004072808660566807,0.006119375582784414,0.019663870334625244,0.10419188439846039,0.10363499075174332,2.606616497039795,0.007774710655212402,-0.00014312239363789558,2.7730129659175873e-07,0.0
n2_m3_N5000_b0p5_d0p0_mlp_aug_s22,mlp_aug,22,2,3,5000,0.5,0.0,11280,True,1.8480747938156128,0.0017931413603946567,0.0035862824879586697,0.004756843205541372,0.031800031661987305,0.04119875654578209,0.03922120854258537,2.5998687744140625,-0.0022510290145874023,-9.798759128898382e-05,5.228444933891296e-06,0.0
n2_m3_N5000_b0p5_d0p0_mlp_aug_s33,mlp_aug,33,2,3,5000,0.5,0.0,11280,True,1.8157587051391602,0.0026916470378637314,0.005383295007050037,0.009316974319517612,0.03178536891937256,0.05351031944155693,0.06285499781370163,2.580740451812744,0.004625082015991211,-2.2704480215907097e-05,2.7543865144252777e-07,0.0
n2_m3_N5000_b0p5_d0p0_mlp_aug_s44,mlp_aug,44,2,3,5000,0.5,0.0,11280,True,1.7949339151382446,0.0018498062854632735,0.0036996128037571907,0.005564920138567686,0.014531970024108887,0.025673232972621918,0.035983383655548096,2.5829625129699707,-0.011805534362792969,1.2296834029257298e-05,2.2369204089045525e-06,0.0
n2_m3_N5000_b0p5_d0p0_mlp_aug_s55,mlp_aug,55,2,3,5000,0.5,0.0,11280,True,1.819457769393921,0.002154263900592923,0.004308527801185846,0.0062462324276566505,0.02632594108581543,0.0273512601852417,0.029519176110625267,2.5922749042510986,-0.0010569095611572266,1.3154232874512672e-05,3.227498382329941e-06,0.0
n2_m3_N5000_b0p5_d0p0_mlp_s11,mlp,11,2,3,5000,0.5,0.0,11280,True,1.8192999362945557,0.0018987172516062856,0.003797434736043215,0.0046017104759812355,0.017117023468017578,0.022660022601485252,0.02576364390552044,2.606616497039795,0.00789332389831543,-1.4797435142099857e-05,2.8638169169425964e-07,0.0
n2_m3_N5000_b0p5_d0p0_mlp_s22,mlp,22,2,3,5000,0.5,0.0,11280,True,1.8432393074035645,0.002360820071771741,0.004721640609204769,0.006895195692777634,0.02490520477294922,0.058575745671987534,0.05552190914750099,2.5998687744140625,-0.001674652099609375,-5.156500265002251e-05,7.105991244316101e-07,0.0
n2_m3_N5000_b0p5_d0p0_mlp_s33,mlp,33,2,3,5000,0.5,0.0,11280,True,1.8212350606918335,0.0020274317357689142,0.0040548634715378284,0.00527418777346611,0.0226517915725708,0.013326008804142475,0.01846226491034031,2.580740451812744,0.004506230354309082,4.800735041499138e-06,2.828892320394516e-07,0.0
n2_m3_N5000_b0p5_d0p0_mlp_s44,mlp,44,2,3,5000,0.5,0.0,11280,True,1.7994098663330078,0.002254274906590581,0.004508549347519875,0.006270199082791805,0.021732211112976074,0.06437408924102783,0.07147247344255447,2.5829625129699707,-0.010983943939208984,-9.06831119209528e-05,5.5930111557245255e-05,0.0
n2_m3_N5000_b0p5_d0p0_mlp_s55,mlp,55,2,3,5000,0.5,0.0,11280,True,1.8139405250549316,0.0021602485794574022,0.0043204971589148045,0.006215524394065142,0.04044795036315918,0.03980279713869095,0.04765985533595085,2.5922749042510986,-0.0006413459777832031,1.289835199713707e-05,9.534414857625961e-07,0.0
n2_m4_N20000_b0p5_d0p0_deepset_s11,deepset,11,2,4,20000,0.5,0.0,14380,True,2.848318099975586,0.003966758958995342,0.007933517917990685,0.010747074149549007,0.07767438888549805,1.103613413988569e-07,1.1143285405523784e-07,3.9158952236175537,-0.006389617919921875,5.672639235854149e-05,4.6182889491319656e-05,3.9455007936339825e-06
n2_m4_N20000_b0p5_d0p0_deepset_s22,deepset,22,2,4,20000,0.5,0.0,14380,True,2.8665239810943604,0.0041476027108728886,0.008295205421745777,0.010884664952754974,0.11450707912445068,1.039461281493459e-07,1.0579384479569853e-07,3.900099277496338,0.010735034942626953,0.00022206688299775124,2.261251211166382e-05,0.0
n2_m4_N20000_b0p5_d0p0_deepset_s33,deepset,33,2,4,20000,0.5,0.0,14380,True,2.9071755409240723,0.006269542966037989,0.012539086863398552,0.01829664595425129,0.1918957233428955,1.1185720438788849e-07,1.1261244736715526e-07,3.9002532958984375,0.01853799819946289,0.0001627258025109768,2.476852387189865e-05,3.453533281572163e-08
n2_m4_N20000_b0p5_d0p0_deepset_s44,deepset,44,2,4,20000,0.5,0.0,14380,True,2.8814287185668945,0.003333261702209711,0.006666523404419422,0.008450710214674473,0.06773948669433594,1.0610209955075334e-07,1.0781077008914508e-07,3.891329288482666,0.007624626159667969,-0.0001501904334872961,2.345489338040352e-05,6.571826816070825e-07
n2_m4_N20000_b0p5_d0p0_deepset_s55,deepset,55,2,4,20000,0.5,0.0,14380,True,2.9108974933624268,0.005168925039470196,0.010337849147617817,0.014611792750656605,0.0869826078414917,1.014496504581075e-07,1.0467780953149486e-07,3.8942320346832275,-0.0020978450775146484,-0.00010254513472318649,3.22503037750721e-05,0.0
n2_m4_N20000_b0p5_d0p0_mlp_aug_s11,mlp_aug,11,2,4,20000,0.5,0.0,14368,True,2.755309820175171,0.0065988535061478615,0.013197705149650574,0.026966450735926628,0.11998605728149414,0.1638973206281662,0.16208340227603912,3.9158952236175537,-0.006099700927734375,0.00030763493850827217,0.002776156645268202,0.00016898661851882935
n2_m4_N20000_b0p5_d0p0_mlp_aug_s22,mlp_aug,22,2,4,20000,0.5,0.0,14368,True,2.746488332748413,0.005738936830312014,0.011477874591946602,0.01859166845679283,0.060869693756103516,0.30453357100486755,0.2735283374786377,3.900099277496338,0.009234189987182617,-0.00025087082758545876,3.7593767046928406e-05,7.869675755500793e-08
n2_m4_N20000_b0p5_d0p0_mlp_aug_s33,mlp_aug,33,2,4,20000,0.5,0.0,14368,True,2.782055139541626,0.005347476340830326,0.010694950819015503,0.016429780051112175,0.0770714282989502,0.06846828758716583,0.06317725032567978,3.9002532958984375,0.021303892135620117,7.141102105379105e-05,0.0019999127835035324,1.0834075510501862e-05
n2_m4_N20000_b0p5_d0p0_mlp_aug_s44,mlp_aug,44,2,4,20000,0.5,0.0,14368,True,2.7507944107055664,0.005504813510924578,0.01100962795317173,0.013413219712674618,0.0949099063873291,0.11461155861616135,0.12005981802940369,3.891329288482666,0.008236169815063477,-0.0001569013111293316,0.0012758714146912098,4.9118418246507645e-05
n2_m4_N20000_b0p5_d0p0_mlp_aug_s55,mlp_aug,55,2,4,20000,0.5,0.0,14368,True,2.786637306213379,0.005517968907952309,0.011035937815904617,0.019178196787834167,0.07451105117797852,0.12183044850826263,0.08723288029432297,3.8942320346832275,-0.0013897418975830078,0.00011751474812626839,7.497146725654602e-06,0.0
n2_m4_N20000_b0p5_d0p0_mlp_s11,mlp,11,2,4,20000,0.5,0.0,14368,True,2.738717794418335,0.006941542960703373,0.013883084990084171,0.020702991634607315,0.19553565979003906,0.08760566264390945,0.09204351902008057,3.9158952236175537,-0.006318092346191406,-6.063096225261688e-05,0.0022321189753711224,3.946362994611263e-06
n2_m4_N20000_b0p5_d0p0_mlp_s22,mlp,22,2,4,20000,0.5,0.0,14368,True,2.7365219593048096,0.00620522303506732,0.012410447001457214,0.02113552764058113,0.11718297004699707,0.1697559356689453,0.13994917273521423,3.900099277496338,0.010125875473022461,-0.0007730992510914803,0.00039276061579585075,2.8870999813079834e-08
n2_m4_N20000_b0p5_d0p0_mlp_s33,mlp,33,2,4,20000,0.5,0.0,14368,True,2.800882339477539,0.004966890439391136,0.009933781810104847,0.013437495566904545,0.03933417797088623,0.06615255028009415,0.05766764655709267,3.9002532958984375,0.020835399627685547,0.00014497339725494385,7.37365335226059e-05,1.723412424325943e-06
n2_m4_N20000_b0p5_d0p0_mlp_s44,mlp,44,2,4,20000,0.5,0.0,14368,True,2.7337231636047363,0.00602327473461628,0.01204654946923256,0.021575652062892914,0.1272110939025879,0.0676005408167839,0.06267611682415009,3.891329288482666,0.00919485092163086,-0.0004719579592347145,0.00023760413751006126,4.819594323635101e-08
n2_m4_N20000_b0p5_d0p0_mlp_s55,mlp,55,2,4,20000,0.5,0.0,14368,True,2.7424817085266113,0.0037152268923819065,0.007430452853441238,0.00943524856120348,0.05606651306152344,0.20688018202781677,0.17961303889751434,3.8942320346832275,-0.001218557357788086,0.0001043505035340786,1.7955433577299118e-05,2.1420419216156006e-08
n3_m3_N20000_b0p5_d0p0_deepset_s11,deepset,11,3,3,20000,0.5,0.0,12622,True,2.072648286819458,0.003491978393867612,0.01047593541443348,0.012818208895623684,0.06325888633728027,1.227226960054395e-07,1.2698376394837396e-07,2.76664137840271,-0.0111236572265625,8.542113937437534e-05,3.1851232051849365e-07,0.0
n3_m3_N20000_b0p5_d0p0_deepset_s22,deepset,22,3,3,20000,0.5,0.0,12622,True,2.0596654415130615,0.003986461088061333,0.011959382332861423,0.014995593577623367,0.1676952838897705,1.1904539576335083e-07,1.2390478332235944e-07,2.7802934646606445,-0.002030611038208008,0.0007074754685163498,3.098975867033005e-07,0.0
n3_m3_N20000_b0p5_d0p0_deepset_s33,deepset,33,3,3,20000,0.5,0.0,12622,True,2.0557851791381836,0.003812807844951749,0.011438422836363316,0.015451721847057343,0.14598369598388672,1.213886378081952e-07,1.2643390334687865e-07,2.7699155807495117,0.009423971176147461,8.724257349967957e-05,8.475035429000854e-07,0.0
n3_m3_N20000_b0p5_d0p0_deepset_s44,deepset,44,3,3,20000,0.5,0.0,12622,True,2.0932860374450684,0.0039225984364748,0.0117677953094244,0.01660259999334812,0.08308827877044678,1.1731401627912419e-07,1.2260824178156327e-07,2.767937660217285,0.003468036651611328,0.0003754459321498871,2.998858690261841e-07,0.0
n3_m3_N20000_b0p5_d0p0_deepset_s55,deepset,55,3,3,20000,0.5,0.0,12622,True,2.09307599067688,0.0036636029835790396,0.0109908077865839,0.013533073477447033,0.08108341693878174,1.1560911161723197e-07,1.2198509580230166e-07,2.775907039642334,0.01629948616027832,0.00020321644842624664,3.0547380447387695e-07,0.0
n3_m3_N20000_b0p5_d0p0_mlp_aug_s11,mlp_aug,11,3,3,20000,0.5,0.0,12696,True,2.0086605548858643,0.0037598523776978254,0.011279556900262833,0.01413873489946127,0.12308371067047119,0.13052675127983093,0.11513334512710571,2.76664137840271,-0.012306928634643555,-4.943506792187691e-05,1.9725412130355835e-06,0.0
n3_m3_N20000_b0p5_d0p0_mlp_aug_s22,mlp_aug,22,3,3,20000,0.5,0.0,12696,True,2.0136022567749023,0.0038246847689151764,0.01147405430674553,0.01506868191063404,0.16096723079681396,0.15609338879585266,0.14208249747753143,2.7802934646606445,-0.0007147789001464844,0.0006290741730481386,2.912711352109909e-07,0.0
n3_m3_N20000_b0p5_d0p0_mlp_aug_s33,mlp_aug,33,3,3,20000,0.5,0.0,12696,True,2.01015043258667,0.0033581939060240984,0.010074581019580364,0.013706753961741924,0.1752147674560547,0.11393511295318604,0.10576554387807846,2.7699155807495117,0.009985923767089844,-8.786097168922424e-05,1.3170996680855751e-05,0.0
n3_m3_N20000_b0p5_d0p0_mlp_aug_s44,mlp_aug,44,3,3,20000,0.5,0.0,12696,True,2.0463900566101074,0.0036648160312324762,0.010994449257850647,0.013409183360636234,0.11284762620925903,0.22952881455421448,0.2255876511335373,2.767937660217285,0.0071523189544677734,0.00032571167685091496,1.5872064977884293e-06,0.0
n3_m3_N20000_b0p5_d0p0_mlp_aug_s55,mlp_aug,55,3,3,20000,0.5,0.0,12696,True,2.0076422691345215,0.003988276235759258,0.0119648277759552,0.01581798680126667,0.10722053050994873,0.09910893440246582,0.09470609575510025,2.775907039642334,0.017166972160339355,0.00024545355699956417,1.991167664527893e-06,0.0
n3_m3_N20000_b0p5_d0p0_mlp_s11,mlp,11,3,3,20000,0.5,0.0,12696,True,2.004256248474121,0.003670358331874013,0.011011074297130108,0.014225526712834835,0.09442353248596191,0.14917871356010437,0.1496283859014511,2.76664137840271,-0.013306140899658203,-0.00010317331179976463,1.850305125117302e-06,0.0
n3_m3_N20000_b0p5_d0p0_mlp_s22,mlp,22,3,3,20000,0.5,0.0,12696,True,2.0160632133483887,0.003482264233753085,0.010446793399751186,0.013316846452653408,0.13787508010864258,0.1953340768814087,0.19179506599903107,2.7802934646606445,-0.002282857894897461,0.0004615485668182373,4.547182470560074e-07,0.0
n3_m3_N20000_b0p5_d0p0_mlp_s33,mlp,33,3,3,20000,0.5,0.0,12696,True,2.005354404449463,0.0033349301666021347,0.010004790499806404,0.013240374624729156,0.10562372207641602,0.12013498693704605,0.11213117837905884,2.7699155807495117,0.009762167930603027,-8.310424163937569e-06,2.1608546376228333e-05,0.0
n3_m3_N20000_b0p5_d0p0_mlp_s44,mlp,44,3,3,20000,0.5,0.0,12696,True,2.0502026081085205,0.0037769153714179993,0.011330746114253998,0.014805890619754791,0.07511544227600098,0.16961905360221863,0.17129138112068176,2.767937660217285,0.007045745849609375,0.00025146245025098324,3.818422555923462e-07,0.0
n3_m3_N20000_b0p5_d0p0_mlp_s55,mlp,55,3,3,20000,0.5,0.0,12696,True,1.9865134954452515,0.0035361172631382942,0.010608350858092308,0.01425322238355875,0.14927029609680176,0.10917661339044571,0.09486891329288483,2.775907039642334,0.022432923316955566,0.00017745024524629116,2.3066997528076172e-05,0.0
n3_m4_N20000_b0p5_d0p0_deepset_s11,deepset,11,3,4,20000,0.5,0.0,17416,True,3.20170259475708,0.00392386456951499,0.011771593242883682,0.015159648843109608,0.285935640335083,1.499610391419992e-07,1.552569699470041e-07,4.118947982788086,-0.0033996105194091797,0.00029659224674105644,2.828892320394516e-06,0.0
n3_m4_N20000_b0p5_d0p0_deepset_s22,deepset,22,3,4,20000,0.5,0.0,17416,True,3.2020883560180664,0.004046867601573467,0.012140601873397827,0.014660833403468132,0.19588327407836914,1.4302474937721854e-07,1.476197297733961e-07,4.0924072265625,-0.002506732940673828,-0.0001796693541109562,9.113922715187073e-06,0.0
n3_m4_N20000_b0p5_d0p0_deepset_s33,deepset,33,3,4,20000,0.5,0.0,17416,True,3.1902103424072266,0.004071706440299749,0.012215119786560535,0.01564433053135872,0.3036832809448242,1.4804220427322434e-07,1.5145646159453463e-07,4.096027374267578,0.013799190521240234,0.00022073881700634956,9.927898645401e-07,0.0
n3_m4_N20000_b0p5_d0p0_deepset_s44,deepset,44,3,4,20000,0.5,0.0,17416,True,3.226029872894287,0.004207953345030546,0.012623860500752926,0.01601419225335121,0.1632230281829834,1.6023372495510557e-07,1.6397714830418408e-07,4.100115776062012,-0.010121583938598633,-0.0003344649448990822,1.087784767150879e-06,0.0
n3_m4_N20000_b0p5_d0p0_deepset_s55,deepset,55,3,4,20000,0.5,0.0,17416,True,3.187617540359497,0.004251405131071806,0.01275421492755413,0.015834448859095573,0.11308050155639648,1.5327168512158096e-07,1.5737052194708667e-07,4.105583667755127,-0.016611337661743164,0.00018845871090888977,1.2689270079135895e-06,0.0
n3_m4_N20000_b0p5_d0p0_mlp_aug_s11,mlp_aug,11,3,4,20000,0.5,0.0,17328,True,2.7780213356018066,0.005131459329277277,0.015394377522170544,0.014981506392359734,0.1896216869354248,0.8151662945747375,0.8242538571357727,4.118947982788086,-0.059168338775634766,0.00032413424924016,0.00032063480466604233,7.290097414625052e-07
n3_m4_N20000_b0p5_d0p0_mlp_aug_s22,mlp_aug,22,3,4,20000,0.5,0.0,17328,True,3.0817911624908447,0.005216995719820261,0.01565098762512207,0.016973672434687614,0.11594545841217041,0.1388791799545288,0.1415274441242218,4.0924072265625,-0.003719806671142578,-8.601648733019829e-05,0.00019677169620990753,3.8955186028033495e-06
n3_m4_N20000_b0p5_d0p0_mlp_aug_s33,mlp_aug,33,3,4,20000,0.5,0.0,17328,True,3.090087413787842,0.004817397333681583,0.01445219200104475,0.016703147441148758,0.1408851146697998,0.12041357904672623,0.10965000092983246,4.096027374267578,0.01635265350341797,0.00020652497187256813,0.00033717649057507515,7.204032499430468e-06
n3_m4_N20000_b0p5_d0p0_mlp_aug_s44,mlp_aug,44,3,4,20000,0.5,0.0,17328,True,3.0571341514587402,0.005034312140196562,0.015102938748896122,0.01731288991868496,0.17759442329406738,0.06185074895620346,0.05989181995391846,4.100115776062012,-0.009949922561645508,-0.00042833946645259857,0.0003321305848658085,8.52237735671224e-06
n3_m4_N20000_b0p5_d0p0_mlp_aug_s55,mlp_aug,55,3,4,20000,0.5,0.0,17328,True,3.0963027477264404,0.0058402009308338165,0.01752060279250145,0.020787306129932404,0.1730954647064209,0.07740668952465057,0.07194660604000092,4.105583667755127,-0.021050214767456055,0.0002994840033352375,0.00016449065878987312,1.748596901052224e-06
n3_m4_N20000_b0p5_d0p0_mlp_s11,mlp,11,3,4,20000,0.5,0.0,17328,True,2.746940851211548,0.00257516885176301,0.00772550655528903,0.008256254717707634,0.031691789627075195,0.816598117351532,0.8229672312736511,4.118947982788086,-0.05957484245300293,0.000160569092258811,2.411915920674801e-05,1.576457436813783e-10
n3_m4_N20000_b0p5_d0p0_mlp_s22,mlp,22,3,4,20000,0.5,0.0,17328,True,3.0893983840942383,0.005229712929576635,0.01568913832306862,0.018473481759428978,0.13723814487457275,0.16977918148040771,0.16215042769908905,4.0924072265625,-0.004554271697998047,-6.605545058846474e-05,0.00010627182200551033,1.4951608307001152e-07
n3_m4_N20000_b0p5_d0p0_mlp_s33,mlp,33,3,4,20000,0.5,0.0,17328,True,3.0974183082580566,0.004532273393124342,0.013596821576356888,0.016027575358748436,0.14169299602508545,0.05046781152486801,0.04664760082960129,4.096027374267578,0.015373706817626953,0.00018831435590982437,0.0001237243413925171,7.071842560435471e-07
n3_m4_N20000_b0p5_d0p0_mlp_s44,mlp,44,3,4,20000,0.5,0.0,17328,True,3.057774066925049,0.004956651479005814,0.01486995443701744,0.017753705382347107,0.22680449485778809,0.10740945488214493,0.09790284931659698,4.100115776062012,-0.009599685668945312,-0.00013189204037189484,8.270982652902603e-05,7.245689630508423e-07
n3_m4_N20000_b0p5_d0p0_mlp_s55,mlp,55,3,4,20000,0.5,0.0,17328,True,3.093756675720215,0.0058250403963029385,0.01747511886060238,0.020552704110741615,0.19277071952819824,0.17420615255832672,0.17059557139873505,4.105583667755127,-0.023623228073120117,0.00017032399773597717,9.251479059457779e-05,9.084275802706543e-07
